Company Reg Number,Contract Ref,Effective Date,Expiry Date,Description,OPU/PAC
NG230,CONTRACT1,7697,7808,JBJL,LJBLJ
NG230,UOHUO,08708,0880,LJBJLB,LJBJL
NG123,HJKHLK41,8769,86986,LJHLN,LJJL
NG123,OUHIO987,080,98908,LJNLJ,LJLN
NG123,IUGU9769,880,9890,UHBJB,LJHBJLH
CRN390,CONTRAC1,8798,98798,BKJJK,LJHJ
CRN390,LUHUH,98787,9879,KJHK,LJHJL
CRN390,CONTRAC11,8798,98798,BKJJK,LJHJ
CRN390,LUHUH12,98787,9879,KJHK,LJHJL
iji,ljkl8998,7y79,89798,khbhk,kbhk
iji,kugh979,80898,8y897,hbhkb,kbkh
klnkl,khbhb,8787,08709,lknlk,lklnl
ygiyg,uhu89978,8707,987897,ljbhjlkh,jjkbhk
hjkbkjn,ubuj870,807,98908,jbkjbhj,ljbjlb
hjkbkjn,,,,,
ljnlkn,jnjln,lk8780,08970,989ljnl,jnjln
jhghg7687,uhuj,97987,897987,kjjb,jhnkjh
jhghg7687,uhuh989,7978,8787,jkj,kjkjhb
hbhk878,uhljunh,8687,79679,kgbkjhb,kjjgbj
hlkj87987,yijh667,796987,9687,hljjh,ljjlh
hlkj87987,jhjlwfq968,98789u7,876786,jbjb,lhhjjhj

lknkln,ljnjl,87897,98798,ljnljn,ljblj

uguoh,uhuk,i070,908908,knk.n,nlkn

ugkugu,kj,796,80780,jhbjk,lkhnj

uhouih,kuhguoh,76897,987987,kjbjb,ljbljb

LV001,CT1,976,897987,kbkj,ljnlj
LV001,CT2,8789,8798,lnljk,lhlkj
LV001,,,,,

CLV001,nlkn,769,8798,hgh,kjbjk

BCLV001,uuoh887,767,87678,jnj,jlnljn

XXBCLV001,yyig,97679,987897,kjgb,kjbkj
XXBCLV001,uhuoh807,9878,8787,kjbjkb,jhjlhj

XXBCLV001,cg8780,90890,9898,ljnljn,lknkl
