Contractor Name,Company Reg Number,Contact Person Name,Designation,Email,Date
KIKI,NG230,HASMAH,DIRECTOR,Y@Y.COM,2022-12-01
MOMO,NG123,BETTY,DIRECTOR,b@Y.COM,2021-12-31
BOBOLALA,CRN390,NAZIM,ASSIST. DIRECTOR,V@Y.COM,2023-12-01
IKAN BOBOLA,CRN390,NAZIM,ASSIST. DIRECTOR,V@Y.COM,2023-12-01
rsdhsrdh,iji,jlnj,lknkln,;km;m,2024-12-31
test3,klnkl,knkln,lknkln,nknln,2024-12-31
OKJE,ygiyg,ubujbnjk,jbjb,kbujln,2024-12-01
TESTING,hjkbkjn,jbjlkn,kbkjb,jkbkjb,2024-12-01
jlkj,ljnlkn,klnkl,lknkln,nklln,2024-12-01
IFTYLISA,jhghg7687,hbkbj,kbkjb,bjkbjk,2024-12-31
LOLO,hbhk878,khbkb,kjbjb,jkbjkbkjb,2024-12-31
LAST,hlkj87987,jjlnknkn,jbjblb,bjbjlbnn,2024-12-31

kjbnkj,lknkln,ljbljb,ljbjl,ljbjl,2024-12-31
